lenderName,minInterest,maxInterest,maxAmount,tenureMonths,processingFeePercent,fundingSpeedDays,minCreditScore,minIncome
ICICI Bank,10.57,14.37,500000,48,1.48,3,640,40000
IndusInd Bank,10.36,16.26,3000000,72,2.12,3,647,40000
Axis Bank,12.49,15.15,500000,36,0.75,6,717,30000
Punjab National Bank,11.35,15.75,1000000,48,1.89,6,744,20000
Kotak Mahindra Bank,10.02,15.69,4000000,72,1.01,1,703,40000
ICICI Bank,9.97,12.23,1500000,48,1.77,2,704,30000
Kotak Mahindra Bank,9.84,14.31,4000000,48,1.38,1,640,25000
Bank of Baroda,9.63,15.27,500000,48,1.5,3,609,40000
IDFC First Bank,10.89,16.49,1500000,48,1.4,2,735,50000
Canara Bank,11.06,13.11,1000000,48,1.95,1,620,20000
Punjab National Bank,9.63,12.15,1500000,48,0.58,1,671,25000
Punjab National Bank,12.07,16.79,1000000,36,2.28,6,689,50000
IDFC First Bank,10.54,15.62,2000000,60,2.23,7,623,30000
Canara Bank,9.77,14.78,1500000,36,1.65,6,632,15000
State Bank of India,10.82,14.19,1000000,48,1.86,4,659,30000
IDFC First Bank,9.62,11.7,500000,72,0.73,2,735,30000
ICICI Bank,11.49,14.3,3000000,60,1.71,4,727,15000
Canara Bank,11.7,16.36,3000000,36,1.59,3,701,50000
Punjab National Bank,9.89,15.77,4000000,72,0.84,1,616,30000
IndusInd Bank,12.17,15.76,1500000,60,2.18,2,646,40000
Punjab National Bank,12.34,15.59,1000000,72,1.19,1,728,50000
State Bank of India,11.35,13.4,1500000,48,2.48,3,604,50000
Punjab National Bank,11.3,13.84,1000000,48,2.04,2,693,40000
Canara Bank,11.53,17.28,3000000,72,0.74,2,606,20000
IndusInd Bank,11.59,17.43,2000000,60,0.78,2,744,40000
State Bank of India,10.49,14.6,1000000,84,1.36,1,656,20000
State Bank of India,12.09,16.73,500000,60,1.91,7,651,25000
Axis Bank,11.05,14.31,500000,84,1.68,4,683,30000
Axis Bank,11.1,16.44,2000000,60,1.71,7,662,40000
Punjab National Bank,9.63,14.63,3000000,72,2.45,7,689,30000
HDFC Bank,12.25,18.0,3000000,72,1.34,1,674,25000
Canara Bank,10.16,15.15,500000,36,1.06,7,750,25000
Canara Bank,10.02,12.2,1000000,60,0.73,6,603,50000
Axis Bank,9.7,12.73,2000000,48,0.61,3,647,40000
Axis Bank,10.33,12.63,500000,48,0.82,1,703,30000
HDFC Bank,11.04,13.3,2000000,60,1.5,5,723,25000
HDFC Bank,9.88,14.73,1000000,48,0.96,6,609,40000
Canara Bank,11.29,14.89,1000000,72,2.17,6,638,20000
IndusInd Bank,12.02,14.18,2000000,72,2.19,6,743,50000
Canara Bank,12.05,17.73,4000000,84,1.32,7,701,25000
IndusInd Bank,11.47,14.1,3000000,60,0.74,3,652,30000
IDFC First Bank,10.49,15.54,3000000,84,2.35,6,698,20000
Punjab National Bank,11.56,15.68,1000000,72,1.63,5,654,40000
Punjab National Bank,12.02,17.46,2000000,36,1.13,7,633,25000
Axis Bank,10.11,13.88,3000000,72,1.11,4,605,20000
Bank of Baroda,11.72,16.71,1500000,72,0.81,5,713,40000
Punjab National Bank,10.26,15.11,4000000,36,1.89,7,623,25000
IndusInd Bank,11.86,14.39,2000000,48,2.12,6,672,20000
IDFC First Bank,10.56,15.72,2000000,36,2.45,1,722,25000
State Bank of India,9.82,12.91,1000000,84,2.36,7,705,30000
Kotak Mahindra Bank,10.97,12.98,1000000,72,1.52,3,629,30000
Axis Bank,9.53,14.5,1000000,36,1.86,1,613,40000
Canara Bank,11.84,14.38,1500000,84,2.09,5,620,40000
Kotak Mahindra Bank,11.83,16.58,3000000,84,1.47,3,617,25000
IDFC First Bank,12.46,14.73,500000,48,1.8,2,668,15000
IDFC First Bank,11.56,16.79,4000000,72,1.6,6,671,25000
IDFC First Bank,10.43,15.28,1000000,72,2.2,4,741,40000
Kotak Mahindra Bank,11.92,14.79,1500000,48,1.13,6,666,40000
State Bank of India,11.34,15.89,3000000,48,2.34,1,729,40000
Punjab National Bank,12.04,16.03,1500000,48,1.1,2,723,50000
Punjab National Bank,10.13,14.13,3000000,72,1.33,4,738,15000
ICICI Bank,9.71,13.04,1000000,84,1.71,5,657,20000
IDFC First Bank,9.54,12.12,3000000,60,1.33,7,642,25000
IndusInd Bank,12.23,15.74,500000,72,1.2,5,722,15000
State Bank of India,11.09,15.25,1500000,84,0.84,7,646,25000
IndusInd Bank,12.02,17.53,1000000,48,0.61,6,669,50000
ICICI Bank,11.91,16.1,4000000,60,1.4,5,704,20000
Bank of Baroda,11.58,14.58,1500000,72,1.22,6,607,25000
ICICI Bank,11.47,14.33,1000000,48,2.39,4,673,20000
Punjab National Bank,9.8,13.17,4000000,72,2.02,1,661,20000
Punjab National Bank,12.04,15.82,4000000,72,0.81,7,640,20000
HDFC Bank,12.34,16.24,2000000,36,1.7,1,717,15000
Bank of Baroda,10.57,14.39,1000000,36,2.25,5,731,50000
ICICI Bank,9.67,12.03,2000000,60,1.54,2,618,20000
State Bank of India,11.75,16.23,2000000,36,1.94,7,695,25000
ICICI Bank,10.45,15.57,500000,72,1.52,2,735,25000
IDFC First Bank,11.41,15.9,3000000,48,1.95,6,723,30000
HDFC Bank,11.26,14.21,500000,72,1.16,7,676,40000
Axis Bank,10.84,16.4,1000000,60,1.55,6,621,30000
ICICI Bank,11.95,16.66,2000000,72,0.62,3,677,20000
IDFC First Bank,11.69,16.54,2000000,72,0.69,2,630,40000
Punjab National Bank,10.19,13.28,2000000,36,1.89,2,685,50000
IndusInd Bank,10.51,16.07,3000000,36,1.19,6,722,50000
Canara Bank,11.74,15.3,1000000,36,0.57,3,732,15000
Kotak Mahindra Bank,10.02,15.51,2000000,84,0.55,5,621,30000
IndusInd Bank,12.25,15.52,4000000,48,1.64,7,601,50000
Axis Bank,10.68,13.9,500000,84,2.26,7,697,25000
IDFC First Bank,10.11,13.85,3000000,60,2.48,4,682,15000
Punjab National Bank,9.87,14.84,4000000,84,2.07,6,605,15000
Kotak Mahindra Bank,11.62,14.81,4000000,72,1.51,5,639,15000
ICICI Bank,10.81,13.88,1000000,36,2.06,1,638,50000
Kotak Mahindra Bank,10.34,13.01,4000000,48,0.99,7,620,15000
Axis Bank,11.55,17.27,1000000,48,2.22,4,731,25000
IDFC First Bank,11.34,13.97,4000000,60,1.83,6,687,50000
Bank of Baroda,9.63,13.62,1500000,36,1.88,7,724,30000
IndusInd Bank,9.71,11.85,1500000,84,0.95,1,724,40000
ICICI Bank,11.55,16.07,1000000,60,1.03,2,616,25000
Axis Bank,11.9,16.91,500000,36,0.73,4,740,20000
ICICI Bank,11.13,15.55,3000000,60,2.04,1,627,25000
State Bank of India,12.16,17.6,3000000,84,0.63,2,607,50000
IndusInd Bank,10.29,14.74,500000,72,1.59,2,670,25000
HDFC Bank,9.6,12.46,2000000,36,1.57,6,676,25000
Bank of Baroda,10.94,14.65,1500000,48,1.81,6,696,40000
Bank of Baroda,11.96,16.58,3000000,36,2.42,5,631,25000
Canara Bank,11.51,15.58,4000000,48,2.09,5,642,15000
IDFC First Bank,11.67,14.01,1500000,48,2.37,6,711,30000
Punjab National Bank,10.01,12.48,1500000,48,1.38,7,611,15000
ICICI Bank,10.04,14.91,1500000,72,2.3,3,638,50000
IndusInd Bank,9.63,14.4,3000000,48,1.89,4,609,40000
Canara Bank,11.62,14.44,2000000,36,0.78,2,622,25000
Kotak Mahindra Bank,11.53,13.64,1000000,84,2.15,5,728,50000
Kotak Mahindra Bank,11.05,14.88,1000000,72,1.2,7,614,25000
Bank of Baroda,11.29,17.27,3000000,36,0.74,2,689,25000
Bank of Baroda,11.93,15.94,4000000,48,1.57,1,727,20000
IndusInd Bank,11.26,15.62,1500000,84,1.44,1,709,50000
Bank of Baroda,12.12,17.66,500000,72,2.31,4,674,20000
ICICI Bank,10.79,16.79,500000,60,0.61,1,616,50000
State Bank of India,12.09,16.36,4000000,60,0.63,2,658,15000
Punjab National Bank,11.38,15.87,500000,36,1.16,2,667,15000
State Bank of India,10.96,16.04,1500000,36,0.6,7,647,50000
Axis Bank,11.95,14.61,2000000,36,2.49,2,723,25000
Kotak Mahindra Bank,9.74,12.42,1000000,60,1.78,6,728,40000
Canara Bank,9.83,14.22,2000000,84,1.55,2,714,15000
Canara Bank,12.2,17.01,1000000,36,2.32,7,662,30000
Punjab National Bank,12.06,15.56,4000000,60,0.75,4,671,15000
Axis Bank,11.73,15.95,1000000,72,0.67,1,711,20000
Canara Bank,10.54,14.79,500000,72,2.23,3,612,50000
Canara Bank,11.93,16.65,2000000,60,0.98,2,734,25000
IDFC First Bank,11.33,15.17,3000000,72,2.25,1,669,40000
HDFC Bank,11.77,16.89,3000000,48,0.98,1,724,25000
State Bank of India,10.56,12.61,2000000,48,0.56,7,633,40000
Axis Bank,10.63,16.61,1500000,84,1.04,4,609,20000
Punjab National Bank,12.24,15.04,3000000,36,2.43,3,692,20000
HDFC Bank,11.71,15.35,3000000,48,0.75,7,653,20000
ICICI Bank,10.25,13.24,1000000,36,1.25,3,651,30000
Bank of Baroda,10.25,13.55,500000,60,1.59,6,690,20000
IDFC First Bank,11.27,16.31,4000000,84,1.74,6,649,40000
HDFC Bank,11.54,16.67,500000,84,1.15,5,724,30000
Axis Bank,11.97,17.65,500000,72,2.07,4,651,50000
Axis Bank,9.86,12.98,1500000,60,0.65,2,600,30000
Bank of Baroda,11.98,17.91,1500000,72,2.48,7,705,20000
Axis Bank,10.73,14.07,1000000,72,2.32,6,701,25000
Kotak Mahindra Bank,10.27,13.71,1000000,60,1.17,4,693,40000
HDFC Bank,10.7,16.2,1000000,84,2.48,2,734,40000
Kotak Mahindra Bank,12.21,16.93,500000,48,1.06,4,736,30000
Canara Bank,9.64,15.56,2000000,72,1.47,6,649,40000
HDFC Bank,10.76,16.0,3000000,36,0.91,3,697,40000
Axis Bank,12.0,15.23,500000,60,0.69,5,733,30000
IndusInd Bank,10.73,15.91,4000000,84,2.21,5,680,30000
IndusInd Bank,9.7,12.56,3000000,36,2.41,5,684,50000
Canara Bank,10.6,15.75,1500000,84,0.72,6,682,40000
IndusInd Bank,11.05,16.0,1500000,72,0.59,5,718,25000
State Bank of India,9.62,12.83,500000,36,0.57,6,733,50000
Axis Bank,10.72,15.21,2000000,48,0.81,4,703,25000
Canara Bank,12.43,14.59,3000000,60,0.82,6,725,15000
HDFC Bank,10.55,14.32,1500000,48,1.02,1,671,30000
Bank of Baroda,12.22,16.98,1500000,72,0.55,2,702,50000
Bank of Baroda,10.37,16.35,1000000,72,1.56,3,713,15000
HDFC Bank,11.01,15.54,4000000,36,1.23,4,604,30000
Punjab National Bank,11.53,15.73,500000,36,1.69,3,679,25000
State Bank of India,11.04,15.94,1500000,48,1.99,2,614,30000
Kotak Mahindra Bank,10.37,15.74,500000,60,1.6,5,685,20000
Kotak Mahindra Bank,10.46,14.18,4000000,72,0.53,3,656,25000
IndusInd Bank,10.45,14.28,3000000,60,1.97,3,665,40000
ICICI Bank,10.13,15.03,1000000,36,0.73,6,703,25000
IndusInd Bank,10.51,14.57,500000,72,1.05,7,693,25000
Axis Bank,12.36,16.83,1500000,48,1.68,7,676,30000
Kotak Mahindra Bank,10.85,16.27,500000,84,0.84,4,646,40000
Punjab National Bank,9.96,15.85,2000000,84,0.64,6,618,40000
State Bank of India,9.8,15.7,2000000,60,1.79,7,626,20000
Canara Bank,11.93,14.56,1500000,36,1.88,7,656,15000
HDFC Bank,11.21,16.42,1000000,60,1.49,1,606,40000
Kotak Mahindra Bank,11.55,15.9,1000000,48,1.29,4,611,30000
Kotak Mahindra Bank,12.44,16.02,1500000,84,1.77,3,733,15000
Punjab National Bank,11.38,14.24,1500000,36,0.72,1,610,25000
HDFC Bank,10.62,12.93,4000000,84,0.72,5,641,15000
State Bank of India,11.59,15.68,2000000,84,0.55,1,625,20000
Punjab National Bank,10.21,14.89,4000000,60,1.33,7,750,50000
ICICI Bank,10.79,14.49,1500000,60,2.0,3,663,50000
IDFC First Bank,11.55,15.3,2000000,72,1.76,5,724,25000
Axis Bank,10.96,15.14,2000000,84,0.77,5,745,50000
Axis Bank,10.8,15.06,2000000,84,0.99,4,628,40000
ICICI Bank,10.9,16.06,500000,84,1.72,5,742,30000
Punjab National Bank,10.96,14.29,1000000,36,1.75,1,625,40000
Punjab National Bank,11.04,14.15,4000000,84,1.49,6,633,50000
State Bank of India,11.31,15.69,2000000,72,1.93,6,699,30000
Punjab National Bank,11.0,13.51,2000000,60,1.62,7,610,40000
Punjab National Bank,12.38,16.02,4000000,60,1.64,2,701,20000
ICICI Bank,10.44,14.0,1500000,36,1.26,1,634,30000
Bank of Baroda,10.45,12.71,4000000,84,0.62,6,730,20000
State Bank of India,10.46,15.52,4000000,48,1.39,5,726,15000
Bank of Baroda,11.04,13.25,3000000,72,0.74,6,626,15000
Axis Bank,11.07,13.26,3000000,72,1.61,4,745,30000
HDFC Bank,12.41,15.53,1000000,84,1.37,5,651,50000
IDFC First Bank,9.67,12.93,2000000,84,0.58,2,696,15000
HDFC Bank,11.74,14.24,3000000,60,2.35,6,705,25000
Axis Bank,10.32,15.57,1000000,60,1.78,1,617,20000
Kotak Mahindra Bank,10.72,16.07,1000000,48,1.03,7,700,30000
ICICI Bank,11.75,15.91,1500000,36,2.5,2,620,25000
IDFC First Bank,10.38,12.88,2000000,48,1.02,4,710,40000
Bank of Baroda,11.31,15.76,500000,60,2.34,6,630,20000
Kotak Mahindra Bank,11.68,16.4,3000000,48,0.93,3,657,25000
ICICI Bank,9.93,13.5,3000000,60,0.96,1,689,50000
ICICI Bank,9.71,12.97,500000,60,2.31,7,721,50000
Punjab National Bank,11.85,17.78,4000000,36,1.35,2,675,40000
ICICI Bank,10.35,13.68,1000000,84,1.94,1,660,25000
Kotak Mahindra Bank,10.71,15.77,2000000,60,1.27,7,704,15000
IndusInd Bank,12.21,14.49,3000000,72,1.8,4,622,50000
IndusInd Bank,10.5,13.68,2000000,36,1.67,6,747,25000
IndusInd Bank,10.0,15.77,1500000,72,0.9,3,646,40000
Kotak Mahindra Bank,10.67,15.28,4000000,72,1.16,1,730,40000
IndusInd Bank,11.13,15.42,500000,60,0.98,2,626,30000
ICICI Bank,12.09,17.25,500000,48,1.99,6,615,50000
HDFC Bank,9.51,15.01,500000,84,2.23,6,671,20000
ICICI Bank,9.6,12.32,4000000,48,2.23,6,698,40000
Punjab National Bank,12.1,18.05,3000000,36,2.17,2,646,50000
Axis Bank,12.31,15.42,1500000,60,1.86,6,699,15000
ICICI Bank,10.91,14.23,1000000,84,1.34,4,646,20000
ICICI Bank,11.46,17.05,3000000,84,2.24,2,712,50000
IndusInd Bank,10.56,14.58,2000000,72,0.73,6,600,15000
Bank of Baroda,10.71,13.91,3000000,72,1.51,6,700,15000
Punjab National Bank,10.54,13.02,1000000,48,1.04,5,602,20000
ICICI Bank,11.65,16.96,3000000,36,2.0,1,663,30000
Canara Bank,9.76,15.61,1000000,48,1.36,5,742,30000
ICICI Bank,12.22,14.51,1500000,48,0.95,5,709,30000
IDFC First Bank,12.35,14.83,1500000,36,1.83,3,647,25000
IndusInd Bank,12.26,16.27,1000000,72,1.15,5,730,15000
Axis Bank,10.44,16.38,1500000,60,1.13,6,748,50000
Punjab National Bank,12.05,16.08,500000,84,1.49,4,727,15000
HDFC Bank,12.34,14.93,2000000,60,0.68,3,747,30000
Kotak Mahindra Bank,9.69,15.63,4000000,36,0.78,3,608,15000
Kotak Mahindra Bank,9.61,14.37,1000000,48,2.47,4,667,50000
Punjab National Bank,9.78,12.43,2000000,48,0.84,1,729,15000
Bank of Baroda,9.62,12.36,1000000,84,1.04,2,662,40000
State Bank of India,11.5,14.72,500000,84,2.39,1,616,30000
Canara Bank,12.48,14.74,500000,84,1.1,4,684,50000
Bank of Baroda,10.97,16.95,1000000,84,1.0,2,695,15000
IndusInd Bank,9.53,12.41,1000000,48,0.77,4,687,30000
HDFC Bank,11.92,14.3,4000000,48,1.62,2,714,25000
State Bank of India,11.99,15.66,2000000,72,1.14,5,710,20000
ICICI Bank,10.32,13.46,3000000,36,0.77,1,694,30000
Punjab National Bank,10.81,14.76,1500000,36,1.71,5,608,30000
HDFC Bank,11.82,15.14,4000000,60,0.5,3,641,25000
HDFC Bank,9.75,13.85,500000,84,0.65,3,734,25000
Kotak Mahindra Bank,10.76,13.05,2000000,72,1.65,5,741,20000
Bank of Baroda,9.65,13.0,3000000,72,1.58,6,675,50000
HDFC Bank,10.02,13.58,2000000,72,1.53,5,696,15000
HDFC Bank,12.39,16.59,3000000,72,1.08,2,732,50000
IDFC First Bank,10.63,14.62,1000000,48,1.91,1,640,40000
Bank of Baroda,10.43,14.63,4000000,84,0.73,5,734,20000
Axis Bank,12.28,15.61,2000000,72,0.99,7,734,50000
IndusInd Bank,11.3,13.92,1500000,84,1.48,3,689,50000
IndusInd Bank,10.02,12.69,2000000,60,2.16,3,749,25000
HDFC Bank,11.13,16.01,1000000,36,1.64,5,653,25000
ICICI Bank,10.05,12.46,500000,84,2.12,7,688,15000
State Bank of India,10.92,16.68,1500000,60,0.89,7,650,40000
State Bank of India,10.84,14.91,1000000,48,1.52,1,743,20000
Kotak Mahindra Bank,10.82,14.39,2000000,72,2.18,4,623,50000
IndusInd Bank,9.71,13.23,4000000,84,1.98,2,661,15000
HDFC Bank,11.6,17.01,4000000,72,1.43,5,696,50000
Axis Bank,10.04,13.37,1500000,72,1.55,1,675,15000
ICICI Bank,11.36,15.19,1500000,84,1.83,5,746,30000
IndusInd Bank,9.73,14.69,3000000,36,1.19,3,655,20000
ICICI Bank,11.0,16.3,4000000,36,1.59,3,667,30000
Canara Bank,11.39,16.7,1500000,36,1.86,3,747,25000
Axis Bank,11.74,16.11,4000000,60,0.63,1,606,15000
Bank of Baroda,11.38,16.22,1500000,60,0.62,2,670,20000
IDFC First Bank,10.06,15.76,2000000,48,2.31,6,600,50000
Axis Bank,9.56,14.98,4000000,36,1.19,7,736,30000
Bank of Baroda,11.5,16.62,500000,60,2.26,4,671,40000
IDFC First Bank,9.96,12.78,2000000,72,1.13,2,642,15000
Punjab National Bank,9.96,12.78,2000000,36,2.29,5,620,20000
ICICI Bank,9.74,13.88,4000000,84,1.63,2,670,20000
Punjab National Bank,9.5,15.07,500000,60,0.61,2,735,25000
State Bank of India,10.16,14.57,500000,48,1.03,6,728,15000
HDFC Bank,9.78,12.81,4000000,72,0.69,7,645,25000
Kotak Mahindra Bank,12.02,15.17,500000,48,0.74,4,713,50000
State Bank of India,11.11,15.44,1000000,36,0.68,4,656,15000
ICICI Bank,11.37,17.34,1500000,36,1.55,5,721,30000
ICICI Bank,9.71,15.53,1500000,60,1.65,6,624,15000
Punjab National Bank,12.48,15.2,1000000,36,0.8,4,650,50000
Axis Bank,11.74,16.68,4000000,84,2.01,2,610,50000
Punjab National Bank,9.66,12.39,4000000,48,1.42,6,687,20000
IDFC First Bank,11.64,13.81,4000000,48,1.69,7,657,50000
HDFC Bank,11.72,17.13,1500000,60,1.16,4,682,30000
State Bank of India,12.3,16.97,4000000,72,1.08,2,726,40000
IDFC First Bank,10.58,15.06,3000000,48,0.75,6,668,25000
IDFC First Bank,11.19,16.56,2000000,36,1.22,3,697,20000
IDFC First Bank,11.53,13.82,500000,84,0.81,5,712,20000
HDFC Bank,10.39,14.45,1500000,84,1.95,6,704,50000
State Bank of India,10.41,13.79,1500000,48,1.07,3,668,25000
Kotak Mahindra Bank,10.73,13.93,3000000,48,2.45,5,643,20000
HDFC Bank,12.09,15.78,1500000,84,1.94,5,702,50000
IDFC First Bank,12.42,16.65,1500000,48,0.96,2,606,40000
Bank of Baroda,11.8,16.43,2000000,60,2.16,2,707,30000
Canara Bank,11.64,15.91,1000000,48,1.1,7,625,20000
Punjab National Bank,12.47,16.8,500000,84,1.43,4,612,30000
Canara Bank,10.06,15.59,500000,36,2.15,6,658,20000
Bank of Baroda,9.82,14.98,2000000,36,0.52,4,703,25000
Punjab National Bank,11.03,16.29,500000,84,1.93,2,607,50000
State Bank of India,10.89,15.71,4000000,72,1.52,6,625,50000
HDFC Bank,9.69,12.51,500000,72,0.95,3,737,25000
Kotak Mahindra Bank,10.06,15.08,1000000,48,0.74,2,678,15000
Kotak Mahindra Bank,9.51,12.01,2000000,84,1.74,1,695,25000
HDFC Bank,11.19,16.26,1000000,60,2.32,2,749,25000
Punjab National Bank,11.45,14.56,500000,72,2.08,1,698,40000
Punjab National Bank,9.96,14.87,3000000,72,0.7,1,711,50000
ICICI Bank,11.68,15.43,4000000,84,1.78,1,606,50000
Axis Bank,9.84,11.91,3000000,84,1.36,4,662,40000
State Bank of India,12.03,16.35,1000000,48,2.2,7,694,50000
Bank of Baroda,10.05,14.64,1000000,60,1.65,3,649,40000
IDFC First Bank,12.47,18.38,3000000,48,1.41,2,739,50000
HDFC Bank,11.65,16.15,500000,60,0.55,3,748,25000
IndusInd Bank,10.13,13.14,1000000,60,0.79,4,734,20000
Kotak Mahindra Bank,9.85,12.03,4000000,84,2.04,7,704,50000
Kotak Mahindra Bank,10.62,14.58,1000000,60,0.87,1,732,30000
Punjab National Bank,12.47,14.66,2000000,60,2.2,7,626,30000
ICICI Bank,11.49,16.64,1000000,84,1.27,2,672,30000
Punjab National Bank,11.7,16.84,3000000,36,1.12,2,693,20000
Punjab National Bank,10.74,15.94,3000000,36,0.91,7,651,30000
State Bank of India,11.13,13.97,4000000,36,0.65,1,688,30000
Bank of Baroda,10.67,16.27,2000000,72,1.86,5,722,50000
Canara Bank,9.59,15.52,1000000,84,1.31,3,704,50000
Bank of Baroda,10.86,15.21,1000000,84,1.18,2,602,20000
HDFC Bank,11.98,15.34,3000000,36,2.43,7,706,50000
IndusInd Bank,10.0,15.89,1000000,84,2.38,4,723,30000
ICICI Bank,10.45,13.77,1000000,36,0.97,5,705,25000
State Bank of India,11.32,15.59,1500000,36,1.11,3,658,30000
Punjab National Bank,10.71,16.01,4000000,72,1.11,1,682,15000
Punjab National Bank,10.95,13.25,500000,60,1.34,3,663,25000
Canara Bank,12.15,14.28,4000000,84,1.15,7,623,30000
HDFC Bank,10.7,12.81,1000000,36,0.81,6,745,15000
ICICI Bank,9.83,15.47,500000,72,1.99,1,602,40000
Punjab National Bank,10.61,13.32,4000000,48,1.73,4,664,20000
IDFC First Bank,11.76,16.52,3000000,48,1.09,6,682,20000
Canara Bank,12.4,16.78,2000000,36,2.05,6,689,20000
Canara Bank,10.7,16.52,4000000,36,1.62,1,705,40000
IDFC First Bank,11.12,15.25,3000000,36,1.62,1,720,40000
Kotak Mahindra Bank,10.52,13.54,4000000,48,2.03,2,708,40000
ICICI Bank,11.71,15.95,1500000,36,0.65,5,642,15000
Canara Bank,12.01,17.58,4000000,48,1.71,2,655,50000
ICICI Bank,9.75,12.56,500000,48,1.44,1,744,20000
Bank of Baroda,10.53,14.64,2000000,48,2.46,6,721,30000
ICICI Bank,10.59,13.71,2000000,72,1.74,6,656,50000
Axis Bank,12.23,15.33,1500000,60,1.38,3,638,30000
State Bank of India,9.86,12.02,2000000,84,0.92,4,620,30000
ICICI Bank,11.88,17.59,500000,72,1.78,6,616,40000
HDFC Bank,11.05,16.83,2000000,72,1.29,4,670,15000
Axis Bank,10.41,15.0,4000000,48,0.7,3,706,20000
Axis Bank,9.74,12.61,1000000,36,1.05,3,655,40000
Punjab National Bank,10.75,12.85,3000000,60,2.09,6,652,25000
State Bank of India,11.46,15.31,500000,36,2.38,1,618,40000
Axis Bank,11.81,14.67,500000,36,2.27,2,687,20000
HDFC Bank,10.03,12.6,3000000,84,1.36,2,669,40000
ICICI Bank,10.09,15.85,500000,36,0.7,3,736,30000
Axis Bank,9.99,15.27,500000,36,2.07,3,640,40000
Canara Bank,10.91,15.25,4000000,60,1.39,3,602,30000
HDFC Bank,10.19,14.95,3000000,60,1.1,3,602,25000
IndusInd Bank,10.98,13.98,3000000,60,2.35,7,649,30000
State Bank of India,10.87,15.95,500000,72,2.09,3,606,40000
IDFC First Bank,12.11,15.23,1500000,72,2.3,7,649,30000
Kotak Mahindra Bank,9.74,14.62,4000000,84,2.24,5,676,15000
Kotak Mahindra Bank,10.65,14.25,2000000,60,0.5,6,666,50000
ICICI Bank,10.1,14.88,500000,36,1.56,5,636,15000
Bank of Baroda,9.56,11.77,500000,60,0.97,5,617,25000
Kotak Mahindra Bank,11.38,16.97,2000000,48,1.35,7,629,25000
Bank of Baroda,10.57,16.37,3000000,60,0.89,1,739,50000
IDFC First Bank,10.37,14.25,4000000,84,0.97,7,695,40000
IndusInd Bank,11.52,14.95,3000000,84,1.16,1,637,15000
Kotak Mahindra Bank,10.49,14.47,4000000,72,0.98,2,622,20000
IDFC First Bank,10.56,14.46,500000,84,1.93,4,672,50000
Kotak Mahindra Bank,9.7,14.7,2000000,48,1.23,3,636,20000
State Bank of India,11.19,13.98,3000000,60,0.68,4,705,40000
HDFC Bank,12.24,15.69,1500000,36,1.17,3,651,25000
Axis Bank,12.02,17.64,2000000,72,0.77,2,699,20000
Bank of Baroda,10.84,16.11,500000,72,0.97,7,673,25000
Kotak Mahindra Bank,10.47,15.17,4000000,84,1.89,1,728,25000
Axis Bank,10.83,13.69,500000,36,1.53,6,647,30000
IDFC First Bank,11.12,15.66,3000000,36,0.54,7,696,50000
HDFC Bank,10.51,16.06,1000000,60,0.88,4,675,40000
Canara Bank,9.87,14.57,1000000,36,0.58,2,699,40000
Bank of Baroda,11.25,15.14,500000,36,1.47,7,676,50000
State Bank of India,10.43,13.02,4000000,48,1.73,2,622,15000
Canara Bank,10.89,13.99,1000000,60,0.57,2,608,25000
IDFC First Bank,10.68,14.28,2000000,84,2.36,1,621,50000
IDFC First Bank,11.1,16.85,3000000,36,1.08,6,697,40000
IndusInd Bank,9.99,13.39,3000000,48,1.96,4,711,20000
IDFC First Bank,11.61,16.93,1500000,48,2.26,4,680,40000
HDFC Bank,10.41,15.83,3000000,60,1.56,5,694,25000
Canara Bank,11.37,13.87,500000,48,2.46,7,653,20000
HDFC Bank,11.72,14.17,2000000,36,0.97,2,709,30000
ICICI Bank,10.5,12.77,2000000,72,0.69,6,652,25000
Canara Bank,9.88,14.56,500000,84,1.3,1,731,30000
Kotak Mahindra Bank,12.35,16.02,2000000,48,0.86,4,657,40000
State Bank of India,10.26,13.85,500000,60,1.39,1,662,50000
Bank of Baroda,9.65,14.18,1000000,60,2.23,2,615,50000
Canara Bank,12.28,17.23,4000000,60,0.96,7,613,15000
IndusInd Bank,11.23,15.98,3000000,36,1.0,3,650,20000
Kotak Mahindra Bank,9.64,14.61,4000000,48,1.21,6,728,50000
Axis Bank,11.21,13.78,2000000,72,1.21,1,737,30000
ICICI Bank,10.27,15.75,500000,60,1.02,6,699,40000
Punjab National Bank,10.81,14.58,500000,72,1.27,3,748,40000
Kotak Mahindra Bank,10.91,15.99,500000,84,2.43,2,669,40000
Punjab National Bank,11.5,13.98,2000000,36,1.79,4,608,50000
IDFC First Bank,10.96,16.63,1500000,72,1.43,1,669,15000
Punjab National Bank,9.71,14.03,1500000,72,0.91,2,648,15000
Axis Bank,9.57,11.87,1000000,72,1.97,1,747,15000
Punjab National Bank,11.38,15.56,3000000,72,0.76,5,634,40000
Axis Bank,11.04,16.71,3000000,84,0.56,6,747,15000
State Bank of India,11.8,15.84,4000000,60,2.11,4,671,15000
Bank of Baroda,9.83,14.86,1000000,72,0.51,7,692,50000
Axis Bank,9.59,15.11,1500000,72,2.44,6,668,25000
Punjab National Bank,11.99,16.75,3000000,48,1.61,1,613,40000
Kotak Mahindra Bank,11.7,16.38,2000000,84,1.18,6,690,15000
ICICI Bank,9.96,14.68,1500000,36,1.43,4,746,15000
Kotak Mahindra Bank,10.99,16.78,2000000,60,1.41,3,622,50000
IndusInd Bank,10.45,15.62,3000000,36,1.96,6,645,50000
IDFC First Bank,10.54,13.21,2000000,48,2.34,3,672,30000
Canara Bank,10.87,16.22,500000,36,1.22,6,639,15000
Axis Bank,11.27,15.86,1500000,84,1.29,6,617,50000
State Bank of India,11.02,15.42,1500000,60,0.68,1,695,50000
Bank of Baroda,10.17,14.42,2000000,60,2.4,2,716,40000
Punjab National Bank,10.94,16.65,2000000,36,1.05,3,749,15000
Kotak Mahindra Bank,11.72,14.74,2000000,72,1.08,3,631,40000
Kotak Mahindra Bank,9.95,12.25,2000000,36,1.77,5,718,40000
Punjab National Bank,10.91,12.91,3000000,36,2.4,7,747,15000
IndusInd Bank,9.71,15.08,1000000,60,2.34,2,639,25000
Axis Bank,12.47,16.54,1000000,84,1.12,1,699,20000
State Bank of India,11.47,14.41,3000000,60,0.58,4,693,40000
Punjab National Bank,10.88,15.04,1000000,84,1.75,2,634,15000
State Bank of India,12.14,17.49,3000000,48,1.98,1,627,15000
Axis Bank,10.93,15.11,1000000,72,0.74,1,710,20000
ICICI Bank,11.45,16.3,4000000,36,2.31,1,729,30000
Axis Bank,10.71,14.96,1500000,72,1.86,1,683,15000
ICICI Bank,10.63,16.19,3000000,36,0.67,2,725,50000
Bank of Baroda,10.84,15.06,500000,36,1.9,2,716,30000
IndusInd Bank,12.39,15.65,500000,84,1.08,3,721,15000
ICICI Bank,11.91,17.56,500000,72,2.35,7,618,40000
Canara Bank,10.52,16.17,3000000,36,1.88,7,667,20000
Bank of Baroda,9.63,13.1,1000000,72,0.87,2,657,15000
IDFC First Bank,12.37,14.81,3000000,84,0.99,2,727,30000
IDFC First Bank,9.8,12.96,500000,36,0.81,7,670,40000
IndusInd Bank,10.25,15.33,3000000,84,0.93,2,703,40000
Axis Bank,10.98,15.64,1500000,36,2.32,1,619,20000
Kotak Mahindra Bank,11.76,15.47,2000000,72,2.07,5,711,15000
ICICI Bank,11.03,16.64,4000000,36,2.16,5,631,15000
IDFC First Bank,12.32,15.26,2000000,84,1.33,6,747,25000
Punjab National Bank,12.43,15.82,1000000,48,1.56,4,662,30000
Kotak Mahindra Bank,9.63,14.45,1000000,48,1.73,3,694,40000
Canara Bank,10.92,13.43,1500000,36,1.59,7,705,40000
Kotak Mahindra Bank,9.99,15.14,1500000,60,1.51,3,738,40000
HDFC Bank,11.39,15.17,4000000,48,1.06,5,622,50000
IndusInd Bank,12.18,17.42,500000,48,1.19,6,704,50000
Kotak Mahindra Bank,10.59,13.46,4000000,72,1.31,4,694,25000
Kotak Mahindra Bank,10.6,13.93,1500000,72,0.82,4,600,15000
Axis Bank,12.1,17.13,500000,72,0.61,3,632,40000
IndusInd Bank,9.79,13.08,1000000,48,1.81,3,677,50000
HDFC Bank,10.82,15.28,1500000,48,1.7,1,668,30000
IDFC First Bank,10.08,13.06,1000000,48,2.04,4,737,20000
Punjab National Bank,10.26,16.17,2000000,84,1.67,7,653,30000
Axis Bank,11.31,14.22,4000000,72,1.93,3,708,15000
State Bank of India,10.06,14.18,3000000,36,2.48,1,624,15000
Kotak Mahindra Bank,10.08,15.9,3000000,84,1.43,2,624,20000
IndusInd Bank,10.7,12.8,500000,60,2.47,4,671,20000
Axis Bank,10.34,12.76,500000,36,1.37,2,690,30000
ICICI Bank,12.35,15.89,3000000,84,2.2,3,603,30000
Axis Bank,11.4,16.94,1000000,36,1.06,2,627,40000
Kotak Mahindra Bank,12.07,15.68,3000000,48,1.05,1,673,50000
ICICI Bank,9.78,13.59,3000000,48,1.22,4,713,40000
Bank of Baroda,10.81,13.01,2000000,48,2.43,3,729,15000
Axis Bank,9.59,13.52,1500000,48,0.78,5,652,20000
Axis Bank,11.5,15.61,1000000,84,2.01,7,750,50000
IDFC First Bank,10.33,13.14,500000,84,1.26,4,673,50000
ICICI Bank,11.11,13.33,3000000,60,0.73,5,648,25000
Kotak Mahindra Bank,12.0,16.08,4000000,72,1.37,5,737,40000
Axis Bank,12.13,15.67,4000000,36,1.34,5,648,30000
State Bank of India,10.34,12.41,500000,36,2.42,3,603,20000
Kotak Mahindra Bank,12.24,15.78,500000,36,1.71,4,741,20000
HDFC Bank,11.36,13.6,500000,36,2.44,2,728,50000
Punjab National Bank,10.9,14.47,3000000,48,1.51,6,688,30000
HDFC Bank,10.78,15.86,1500000,84,0.8,5,650,20000
ICICI Bank,10.35,14.24,3000000,84,1.47,5,701,20000
Bank of Baroda,11.69,17.09,1500000,72,0.59,5,702,15000
IndusInd Bank,10.55,13.5,2000000,84,2.46,3,750,40000
Canara Bank,11.37,16.16,2000000,36,1.31,1,663,20000
IndusInd Bank,10.82,15.2,3000000,60,1.07,4,685,25000
Kotak Mahindra Bank,9.68,12.61,2000000,48,0.54,3,606,50000
Canara Bank,11.34,14.95,3000000,72,0.75,3,644,25000
State Bank of India,10.41,13.92,3000000,72,0.58,6,653,15000
Axis Bank,10.74,13.59,500000,60,1.11,1,701,15000
Canara Bank,11.22,16.82,1500000,36,1.18,7,645,25000
ICICI Bank,11.09,13.92,1000000,48,1.74,4,744,25000
Axis Bank,12.19,14.77,2000000,36,0.57,1,733,20000
ICICI Bank,10.11,13.07,500000,60,0.98,4,694,25000
IndusInd Bank,12.36,16.34,4000000,84,0.51,4,708,15000
ICICI Bank,9.65,14.61,1000000,60,1.3,5,669,30000
Bank of Baroda,10.13,15.47,1500000,72,2.35,6,623,25000
Kotak Mahindra Bank,12.19,17.58,2000000,48,1.8,2,666,50000
Kotak Mahindra Bank,12.16,14.68,3000000,84,1.73,7,609,15000
Kotak Mahindra Bank,11.21,14.38,2000000,84,1.16,1,654,40000
HDFC Bank,10.12,13.27,500000,48,0.82,2,721,40000
Axis Bank,11.53,16.2,2000000,72,2.33,6,626,15000
IndusInd Bank,10.34,15.46,2000000,36,1.65,1,708,50000
Canara Bank,9.99,15.51,1000000,48,2.4,7,721,15000
Punjab National Bank,12.15,15.15,2000000,48,1.95,7,728,15000
Punjab National Bank,9.92,13.98,1500000,36,0.63,1,733,15000
IndusInd Bank,11.18,16.17,1000000,72,1.9,1,628,40000
Punjab National Bank,10.49,14.49,1000000,60,0.71,4,617,30000
Bank of Baroda,10.65,15.78,1500000,36,2.06,7,690,30000
Axis Bank,9.54,14.36,2000000,48,1.1,4,688,50000
Kotak Mahindra Bank,11.35,14.61,3000000,60,1.31,2,692,30000
Punjab National Bank,10.25,12.64,1500000,60,1.36,2,679,40000
Bank of Baroda,11.25,16.63,4000000,48,1.17,7,642,50000
Bank of Baroda,12.01,15.09,500000,72,0.94,5,625,25000
Kotak Mahindra Bank,11.57,16.21,1500000,48,2.02,7,714,30000
Canara Bank,10.29,15.52,1500000,48,2.21,5,686,30000
State Bank of India,11.13,15.04,4000000,84,2.38,4,731,25000
IndusInd Bank,10.47,16.19,1000000,84,1.08,3,710,25000
IDFC First Bank,12.14,14.74,1000000,36,2.14,6,715,50000
State Bank of India,11.76,17.08,500000,84,1.89,5,661,30000
Punjab National Bank,12.43,17.46,1500000,84,2.37,4,632,30000
Canara Bank,10.15,12.44,4000000,48,1.45,3,693,30000
IDFC First Bank,11.38,14.51,500000,36,1.33,1,633,50000
ICICI Bank,9.8,12.2,1500000,48,1.67,7,609,15000
IDFC First Bank,11.28,14.73,4000000,84,1.0,4,605,25000
State Bank of India,12.49,18.39,2000000,48,2.23,6,704,40000
Punjab National Bank,11.77,16.65,1000000,48,1.75,2,664,40000
Axis Bank,12.11,15.18,4000000,72,2.25,1,710,50000
Punjab National Bank,11.05,16.18,3000000,84,1.82,1,744,15000
Bank of Baroda,12.32,14.96,500000,60,0.77,7,603,40000
Punjab National Bank,11.55,15.33,2000000,36,0.56,7,647,40000
Bank of Baroda,10.6,12.66,1500000,72,0.58,1,653,40000
IDFC First Bank,9.53,13.19,2000000,60,0.95,3,725,40000
HDFC Bank,10.31,15.71,500000,48,1.43,2,647,30000
IDFC First Bank,10.05,12.16,3000000,84,2.38,2,684,50000
Kotak Mahindra Bank,10.98,14.94,4000000,60,0.86,4,610,50000
IndusInd Bank,11.6,16.12,1000000,36,2.06,1,630,20000
IndusInd Bank,10.39,13.15,1500000,72,1.68,3,650,30000
Punjab National Bank,11.57,13.91,2000000,48,1.56,4,683,25000
Axis Bank,12.15,18.06,1500000,36,1.34,6,714,15000
HDFC Bank,10.23,13.54,3000000,72,1.12,4,727,50000
Punjab National Bank,10.24,13.99,4000000,72,0.57,7,690,40000
Punjab National Bank,9.52,13.61,2000000,48,1.88,5,709,15000
HDFC Bank,9.57,14.59,3000000,84,1.45,3,685,30000
HDFC Bank,9.74,13.55,1000000,84,1.66,1,727,15000
Kotak Mahindra Bank,10.01,13.66,4000000,72,1.14,7,622,40000
IndusInd Bank,11.91,15.22,3000000,60,1.37,6,602,20000
Axis Bank,12.13,17.92,1500000,72,1.87,5,632,50000
Canara Bank,12.23,16.57,4000000,72,1.56,5,641,50000
Axis Bank,11.55,13.59,2000000,60,1.11,1,652,40000
Kotak Mahindra Bank,11.19,14.42,3000000,48,2.39,5,641,20000
HDFC Bank,10.73,13.43,4000000,60,2.09,7,618,15000
Axis Bank,10.09,14.1,1500000,72,1.79,5,617,30000
State Bank of India,10.18,12.25,2000000,84,1.33,1,613,30000
Canara Bank,10.09,12.81,2000000,36,0.69,3,671,40000
HDFC Bank,10.45,15.75,1000000,60,0.83,2,679,20000
Punjab National Bank,12.26,16.34,1500000,36,0.55,1,709,40000
Bank of Baroda,9.63,12.24,1500000,48,1.37,4,702,40000
Bank of Baroda,9.86,14.05,1000000,84,2.27,7,623,25000
Axis Bank,11.34,15.5,1000000,72,2.22,5,684,50000
Bank of Baroda,11.37,15.79,3000000,36,1.6,1,639,40000
ICICI Bank,10.65,13.31,4000000,72,0.78,5,688,40000
State Bank of India,10.98,16.93,2000000,60,1.35,4,695,40000
State Bank of India,9.58,12.73,2000000,72,0.68,2,740,30000
State Bank of India,12.09,17.21,4000000,36,1.93,1,627,30000
State Bank of India,11.7,14.9,500000,36,2.13,2,690,15000
State Bank of India,10.13,13.01,1500000,36,1.98,4,748,30000
Bank of Baroda,10.62,13.31,2000000,48,0.69,6,716,15000
Canara Bank,11.38,16.93,1000000,60,0.87,4,709,30000
ICICI Bank,10.05,13.55,3000000,60,1.21,2,616,25000
ICICI Bank,11.08,15.3,4000000,48,2.35,7,627,40000
IDFC First Bank,11.91,15.8,2000000,72,1.87,3,697,15000
State Bank of India,9.53,12.93,4000000,72,1.66,7,680,15000
Bank of Baroda,9.54,11.66,1000000,84,1.88,3,636,40000
Kotak Mahindra Bank,11.46,14.76,1500000,84,2.33,1,739,40000
Axis Bank,11.85,15.97,1000000,36,1.69,1,641,20000
IndusInd Bank,12.43,15.28,3000000,72,0.71,4,717,50000
Canara Bank,11.2,15.3,3000000,36,0.73,4,750,15000
IndusInd Bank,9.81,13.72,1500000,72,1.13,2,698,15000
Punjab National Bank,9.63,13.35,2000000,48,2.0,1,637,50000
Canara Bank,10.78,16.56,1000000,36,1.89,5,606,40000
ICICI Bank,12.34,16.46,1000000,48,1.44,1,729,50000
Canara Bank,11.33,15.94,4000000,36,1.48,3,611,40000
IndusInd Bank,10.45,14.54,500000,84,1.41,5,663,40000
IndusInd Bank,11.07,16.35,2000000,60,1.63,3,650,15000
HDFC Bank,11.37,16.88,2000000,72,2.32,2,739,50000
IndusInd Bank,11.38,15.88,500000,60,2.41,6,624,50000
Canara Bank,11.27,13.78,3000000,72,0.69,7,735,40000
State Bank of India,11.63,16.89,2000000,60,1.66,4,633,30000
Axis Bank,9.94,14.03,2000000,36,2.06,7,605,50000
State Bank of India,11.76,13.96,2000000,60,1.38,3,709,50000
ICICI Bank,10.31,13.81,4000000,84,1.15,5,606,30000
IDFC First Bank,10.51,15.65,500000,60,1.73,7,600,15000
HDFC Bank,9.71,12.92,500000,60,1.4,4,600,50000
Kotak Mahindra Bank,11.71,15.73,500000,84,1.85,2,747,30000
IDFC First Bank,11.04,14.18,3000000,48,1.02,2,688,20000
Kotak Mahindra Bank,10.24,15.92,3000000,48,1.2,3,643,30000
IDFC First Bank,11.85,17.82,1500000,36,1.69,1,686,30000
IndusInd Bank,10.16,13.45,500000,72,2.1,2,661,20000
ICICI Bank,10.33,14.59,3000000,48,1.36,4,732,50000
Axis Bank,11.62,16.77,2000000,36,1.25,5,618,15000
IDFC First Bank,12.44,15.31,4000000,48,1.32,2,627,15000
IDFC First Bank,10.07,12.45,1500000,36,1.88,5,617,30000
Axis Bank,10.17,13.45,500000,48,1.46,4,650,20000
Canara Bank,11.68,15.84,3000000,72,1.29,3,734,50000
Canara Bank,10.08,13.05,3000000,72,2.33,1,743,40000
ICICI Bank,10.38,14.99,500000,48,1.56,7,663,25000
ICICI Bank,10.0,14.28,1500000,84,0.59,5,720,20000
Bank of Baroda,11.4,15.97,2000000,48,0.53,7,641,15000
Bank of Baroda,10.65,13.24,1500000,84,2.04,5,732,40000
Axis Bank,11.8,16.42,1500000,48,1.46,1,727,50000
Bank of Baroda,10.24,16.17,500000,36,2.26,7,648,20000
Bank of Baroda,10.73,16.26,2000000,84,0.97,6,661,20000
IDFC First Bank,10.94,15.68,3000000,84,0.95,5,694,30000
Axis Bank,9.87,12.21,1500000,36,1.2,6,673,15000
Axis Bank,10.7,16.36,500000,48,0.98,6,646,25000
Bank of Baroda,12.21,14.76,4000000,36,0.69,1,728,30000
State Bank of India,10.3,16.08,1000000,48,1.92,4,724,40000
Kotak Mahindra Bank,10.83,13.26,4000000,48,1.84,6,700,40000
Punjab National Bank,12.15,14.53,4000000,60,1.85,7,664,40000
ICICI Bank,11.71,16.5,1000000,48,1.67,6,678,50000
Bank of Baroda,9.58,14.69,2000000,72,0.92,4,704,40000
State Bank of India,9.91,12.27,1500000,60,1.97,5,710,25000
IDFC First Bank,11.24,16.68,1500000,48,0.73,2,693,40000
State Bank of India,9.74,15.12,2000000,48,0.9,2,745,25000
IDFC First Bank,10.16,13.82,1500000,60,2.33,5,737,50000
HDFC Bank,9.75,14.48,1500000,72,1.04,4,631,20000
Bank of Baroda,11.23,13.85,3000000,36,1.2,6,639,15000
ICICI Bank,12.23,16.09,2000000,36,1.35,7,620,40000
State Bank of India,9.8,15.56,1000000,84,1.99,2,750,25000
Kotak Mahindra Bank,11.87,17.21,2000000,84,1.16,3,680,15000
ICICI Bank,11.35,15.31,1500000,72,0.63,3,632,50000
Axis Bank,11.81,14.25,500000,84,2.03,1,622,20000
Punjab National Bank,11.01,15.36,2000000,72,2.37,7,704,30000
Punjab National Bank,11.24,14.0,3000000,84,2.23,3,746,30000
Bank of Baroda,10.61,13.93,1000000,84,0.76,1,712,30000
IndusInd Bank,10.67,14.52,4000000,48,0.88,7,681,25000
ICICI Bank,11.1,16.52,2000000,60,2.17,4,606,25000
Punjab National Bank,9.51,11.84,500000,60,1.36,4,621,20000
IndusInd Bank,11.57,14.88,1500000,84,0.93,1,731,50000
ICICI Bank,9.59,12.29,1500000,36,0.66,1,642,30000
IndusInd Bank,9.7,13.34,1000000,84,2.27,2,669,20000
State Bank of India,10.0,15.41,1500000,48,0.61,5,626,50000
ICICI Bank,11.32,14.26,2000000,72,2.13,4,695,20000
Bank of Baroda,12.09,14.21,3000000,72,1.54,6,666,20000
IndusInd Bank,12.48,14.9,4000000,72,1.53,1,620,20000
State Bank of India,10.67,16.03,2000000,60,1.99,2,686,50000
HDFC Bank,9.86,12.5,500000,36,2.49,7,749,30000
ICICI Bank,10.95,13.46,3000000,84,1.88,4,717,20000
Canara Bank,10.64,14.3,2000000,48,1.18,1,606,30000
Canara Bank,9.5,13.25,3000000,36,0.74,6,727,50000
Canara Bank,9.64,13.31,1500000,36,1.67,1,706,25000
Bank of Baroda,10.69,15.46,1000000,84,2.37,6,655,40000
Canara Bank,10.05,15.0,1000000,48,1.44,2,634,40000
HDFC Bank,11.53,14.8,3000000,36,1.04,2,648,20000
Kotak Mahindra Bank,12.42,17.99,4000000,48,2.47,6,628,20000
Kotak Mahindra Bank,10.06,15.4,500000,36,1.74,7,662,30000
HDFC Bank,9.5,12.75,3000000,60,2.36,6,638,50000
State Bank of India,11.57,14.86,1500000,72,0.86,6,744,40000
Axis Bank,9.67,12.01,3000000,84,0.58,5,727,20000
State Bank of India,12.24,16.42,4000000,84,1.89,4,629,50000
Bank of Baroda,11.84,14.59,1500000,60,0.93,2,718,15000
Kotak Mahindra Bank,12.09,16.39,2000000,60,0.51,1,606,25000
Canara Bank,12.34,16.93,2000000,36,1.04,4,717,30000
IDFC First Bank,12.48,16.96,3000000,72,0.97,2,737,15000
ICICI Bank,10.87,14.61,3000000,36,1.44,3,677,20000
Punjab National Bank,10.96,13.7,4000000,36,1.74,4,692,20000
Punjab National Bank,10.41,13.92,4000000,60,1.94,3,694,15000
Kotak Mahindra Bank,10.54,15.52,4000000,72,0.98,2,617,50000
Kotak Mahindra Bank,10.36,16.25,1000000,60,2.19,1,666,50000
Punjab National Bank,11.08,13.29,4000000,48,0.91,4,723,15000
IDFC First Bank,10.56,14.74,500000,36,0.51,6,750,25000
Punjab National Bank,12.07,17.8,500000,84,1.13,5,720,40000
Canara Bank,11.99,16.34,4000000,72,1.6,1,689,20000
ICICI Bank,10.33,15.17,3000000,84,1.1,1,644,30000
Punjab National Bank,10.11,14.29,4000000,84,1.62,3,672,20000
Bank of Baroda,10.45,16.07,500000,84,1.34,6,699,50000
IndusInd Bank,10.82,13.24,4000000,84,1.04,6,654,15000
IndusInd Bank,10.14,12.78,4000000,72,0.68,4,630,50000
Kotak Mahindra Bank,9.82,12.33,3000000,48,0.73,1,623,40000
State Bank of India,11.68,17.11,3000000,36,1.84,1,601,25000
HDFC Bank,12.33,16.32,3000000,36,0.63,3,630,15000
HDFC Bank,11.19,16.96,1500000,48,1.47,2,620,50000
ICICI Bank,9.83,12.99,2000000,84,2.11,2,692,30000
IndusInd Bank,11.68,17.23,4000000,72,0.71,7,738,20000
Kotak Mahindra Bank,9.6,14.89,1000000,48,0.86,7,657,20000
State Bank of India,12.17,15.91,1500000,84,1.34,3,743,40000
IndusInd Bank,11.06,15.81,4000000,36,1.38,2,629,15000
IDFC First Bank,9.51,14.52,500000,48,2.07,5,623,30000
Punjab National Bank,11.05,15.84,500000,72,2.45,2,715,30000
ICICI Bank,9.65,15.24,1000000,48,1.08,2,636,50000
IndusInd Bank,11.32,13.9,1000000,72,1.19,4,603,30000
HDFC Bank,10.47,15.33,1000000,72,1.49,3,625,15000
Axis Bank,10.28,15.45,1500000,72,2.21,6,707,15000
HDFC Bank,10.72,13.88,500000,36,0.67,7,603,40000
IDFC First Bank,11.71,15.64,1500000,72,1.33,5,697,30000
Canara Bank,10.24,15.53,3000000,72,2.43,3,672,50000
IDFC First Bank,9.77,12.47,3000000,72,1.31,5,618,30000
ICICI Bank,9.51,14.0,2000000,84,1.37,5,750,50000
IDFC First Bank,12.08,16.1,500000,72,1.56,1,693,25000
Kotak Mahindra Bank,12.14,17.78,500000,36,2.31,3,673,40000
Canara Bank,10.23,16.13,500000,48,2.47,7,679,40000
Punjab National Bank,12.15,17.87,1500000,48,1.81,4,618,15000
State Bank of India,11.27,14.99,3000000,48,1.36,2,700,30000
IDFC First Bank,12.16,17.8,1000000,72,2.08,7,607,40000
Kotak Mahindra Bank,10.81,15.64,1000000,48,2.17,2,661,50000
Axis Bank,11.92,16.36,1500000,48,0.77,2,690,20000
Bank of Baroda,10.46,16.07,2000000,36,1.66,5,653,25000
IDFC First Bank,11.84,17.8,2000000,60,2.02,2,694,25000
IndusInd Bank,12.35,16.79,1000000,84,2.08,4,640,50000
HDFC Bank,9.64,11.72,1500000,36,1.2,4,697,40000
ICICI Bank,11.08,14.77,3000000,60,1.56,2,729,20000
ICICI Bank,12.28,17.29,500000,72,1.53,7,662,40000
Kotak Mahindra Bank,10.33,14.7,4000000,36,2.43,5,741,40000
Punjab National Bank,10.94,15.23,1000000,48,2.19,3,720,50000
IDFC First Bank,10.44,14.38,4000000,60,1.55,3,629,15000
IDFC First Bank,10.43,13.85,500000,60,1.24,4,664,50000
IDFC First Bank,10.86,13.84,1500000,72,0.61,2,730,15000
IndusInd Bank,10.02,12.24,1500000,60,1.8,3,607,40000
Kotak Mahindra Bank,11.2,14.81,1000000,60,1.11,3,607,20000
State Bank of India,11.88,14.68,500000,72,1.67,7,750,30000
Kotak Mahindra Bank,10.13,12.5,1000000,60,1.26,7,740,50000
Axis Bank,12.06,15.3,1000000,36,1.71,6,696,40000
IndusInd Bank,9.79,15.17,4000000,36,0.73,2,694,30000
Kotak Mahindra Bank,11.07,15.62,500000,36,1.02,2,601,25000
State Bank of India,12.19,16.57,2000000,36,1.75,2,662,20000
Punjab National Bank,12.15,15.9,500000,48,1.52,4,611,40000
Punjab National Bank,10.0,12.93,3000000,60,1.39,7,681,20000
IDFC First Bank,10.04,12.89,500000,48,1.44,4,699,25000
State Bank of India,10.64,15.85,1500000,72,1.83,3,601,25000
HDFC Bank,12.09,17.95,4000000,84,2.15,2,641,40000
Bank of Baroda,10.58,13.21,2000000,72,1.17,2,652,40000
State Bank of India,12.27,15.34,500000,84,0.9,5,670,15000
Kotak Mahindra Bank,10.68,13.56,500000,60,0.57,4,691,20000
Bank of Baroda,10.72,16.0,1500000,36,2.11,1,724,50000
Punjab National Bank,10.65,12.83,4000000,60,2.31,1,632,40000
Bank of Baroda,10.03,12.44,1000000,48,1.99,3,600,30000
IDFC First Bank,10.97,14.91,1000000,84,1.7,2,643,25000
Canara Bank,10.77,13.17,4000000,84,0.54,2,615,25000
Axis Bank,11.76,16.79,500000,48,2.16,5,659,40000
Kotak Mahindra Bank,9.95,12.39,2000000,60,1.41,6,615,50000
Canara Bank,10.2,12.97,1500000,48,2.25,6,631,20000
IDFC First Bank,12.47,17.45,4000000,36,2.24,2,615,15000
Kotak Mahindra Bank,10.64,13.53,1500000,36,0.9,5,679,50000
Axis Bank,11.87,14.02,2000000,72,2.33,1,692,15000
Punjab National Bank,10.32,12.61,4000000,48,0.53,2,708,30000
Canara Bank,12.33,14.42,500000,72,0.53,7,717,25000
ICICI Bank,11.2,17.14,1000000,72,0.8,4,725,30000
ICICI Bank,10.11,13.51,500000,48,1.17,1,643,15000
Bank of Baroda,12.02,15.03,500000,72,1.19,3,740,20000
Bank of Baroda,10.84,15.66,3000000,48,2.07,1,672,25000
Canara Bank,10.93,15.68,1000000,84,2.45,5,729,15000
Canara Bank,10.09,12.47,2000000,60,1.62,3,626,40000
Bank of Baroda,10.94,14.05,2000000,84,1.51,4,668,40000
IndusInd Bank,12.41,16.77,3000000,72,1.35,6,623,15000
Kotak Mahindra Bank,10.16,12.88,1000000,72,0.72,6,638,50000
Canara Bank,11.75,17.2,1000000,72,1.41,4,712,50000
State Bank of India,11.58,16.22,2000000,60,2.18,5,607,25000
State Bank of India,12.37,18.05,1500000,72,1.96,4,689,25000
HDFC Bank,10.79,15.25,2000000,48,1.42,6,703,40000
Canara Bank,10.17,15.78,4000000,84,1.92,7,678,25000
Axis Bank,11.63,16.64,1500000,72,1.74,7,626,25000
Axis Bank,11.26,14.54,500000,60,0.68,3,717,25000
Axis Bank,11.54,14.34,2000000,48,0.7,3,719,50000
Bank of Baroda,10.45,14.51,4000000,60,2.16,2,632,50000
IndusInd Bank,10.86,16.13,1000000,84,0.54,1,652,40000
Axis Bank,11.16,15.66,1500000,60,1.31,2,638,40000
Kotak Mahindra Bank,10.72,14.15,1000000,72,1.14,6,611,20000
Punjab National Bank,11.49,13.65,500000,60,2.05,2,703,40000
Canara Bank,12.24,16.12,2000000,48,1.3,3,723,15000
Axis Bank,10.5,15.42,500000,60,1.62,4,749,30000
IndusInd Bank,10.52,12.87,4000000,72,1.89,5,658,15000
HDFC Bank,10.5,15.87,2000000,72,1.47,5,688,30000
Canara Bank,10.26,16.05,3000000,84,1.28,2,678,20000
ICICI Bank,11.49,15.0,1000000,48,2.38,1,666,40000
Canara Bank,9.87,12.17,500000,84,1.27,6,722,20000
IDFC First Bank,9.84,15.14,500000,72,1.15,5,667,40000
IDFC First Bank,12.35,14.37,3000000,72,0.83,1,705,15000
ICICI Bank,12.18,17.24,3000000,36,2.2,2,613,30000
IndusInd Bank,12.05,17.57,1000000,60,2.38,6,632,20000
Bank of Baroda,10.78,15.49,2000000,60,2.05,7,668,15000
Kotak Mahindra Bank,12.1,18.0,2000000,36,1.66,1,614,50000
IDFC First Bank,10.06,12.27,1000000,48,0.57,5,695,30000
IndusInd Bank,11.75,17.28,1000000,72,1.57,1,604,50000
State Bank of India,11.46,13.65,3000000,36,1.16,2,731,30000
ICICI Bank,10.16,14.45,2000000,72,1.75,1,632,25000
Canara Bank,11.36,13.71,2000000,84,0.68,5,624,30000
Canara Bank,10.77,15.61,3000000,36,2.43,6,710,50000
IDFC First Bank,10.16,13.65,1000000,60,2.19,3,728,40000
ICICI Bank,12.07,16.44,500000,36,2.25,4,746,20000
HDFC Bank,11.97,16.33,3000000,36,0.79,6,733,40000
HDFC Bank,10.32,15.35,2000000,60,0.74,1,728,15000
HDFC Bank,11.23,14.56,3000000,72,2.02,2,742,40000
Canara Bank,12.34,16.39,500000,36,1.19,3,645,25000
Punjab National Bank,11.96,17.63,500000,48,1.77,7,732,15000
Punjab National Bank,11.66,14.69,1500000,84,2.46,4,603,15000
Kotak Mahindra Bank,12.01,14.95,1000000,72,0.63,7,604,15000
Punjab National Bank,10.57,15.94,1000000,84,0.87,2,668,25000
Punjab National Bank,11.42,17.39,500000,84,1.21,5,601,50000
Bank of Baroda,10.22,12.31,4000000,48,2.13,4,617,25000
Canara Bank,10.01,15.2,3000000,72,1.24,2,744,25000
State Bank of India,10.47,12.67,4000000,60,1.49,7,686,30000
Bank of Baroda,9.57,14.04,500000,72,2.49,7,706,40000
IndusInd Bank,10.15,15.61,4000000,36,2.04,2,746,15000
ICICI Bank,10.7,13.39,500000,72,1.02,3,739,20000
IDFC First Bank,10.36,15.44,4000000,60,2.09,7,605,30000
State Bank of India,9.94,15.26,1000000,48,1.58,6,723,50000
Bank of Baroda,11.43,17.03,500000,72,0.67,5,622,25000
ICICI Bank,11.9,14.49,3000000,60,0.96,6,612,30000
IDFC First Bank,11.97,14.47,1500000,36,0.58,7,677,25000
IndusInd Bank,12.32,16.09,1500000,72,1.5,2,617,20000
Punjab National Bank,12.27,18.17,3000000,60,2.48,4,713,20000
Canara Bank,10.69,13.39,4000000,60,0.8,1,665,15000
Canara Bank,11.63,15.79,2000000,36,1.07,2,677,15000
Axis Bank,9.66,12.67,500000,60,2.17,3,604,15000
Canara Bank,11.61,15.13,4000000,36,1.84,1,647,30000
Axis Bank,10.82,16.6,3000000,60,0.78,4,725,25000
IndusInd Bank,11.76,17.49,1500000,36,1.38,2,655,40000
Axis Bank,10.48,13.76,4000000,36,1.53,4,744,25000
Punjab National Bank,12.28,15.0,2000000,48,1.49,6,737,50000
IDFC First Bank,10.7,12.88,4000000,84,2.45,7,687,25000
ICICI Bank,12.11,16.83,4000000,48,1.06,7,745,50000
Punjab National Bank,9.62,13.1,3000000,84,0.6,5,620,30000
Kotak Mahindra Bank,11.0,16.54,500000,48,2.11,1,735,15000
Axis Bank,12.2,17.77,2000000,36,1.74,1,730,50000
Punjab National Bank,11.14,16.39,500000,48,0.98,3,641,40000
Punjab National Bank,11.74,16.69,1500000,36,1.55,1,664,30000
IndusInd Bank,10.0,15.0,1000000,72,1.99,2,709,50000
IDFC First Bank,11.02,14.01,500000,72,2.38,6,666,50000
Canara Bank,12.49,15.82,3000000,36,2.2,5,659,40000
IDFC First Bank,11.07,15.82,3000000,72,1.38,3,628,50000
ICICI Bank,11.09,14.2,4000000,84,0.64,5,669,50000
Kotak Mahindra Bank,10.31,13.95,1500000,36,1.2,1,669,40000
ICICI Bank,12.07,14.48,1000000,84,0.94,7,693,50000
State Bank of India,10.36,13.89,1500000,48,1.77,4,730,15000
IndusInd Bank,12.28,16.8,2000000,48,0.76,2,604,50000
Punjab National Bank,12.31,14.66,2000000,48,1.55,5,642,20000
Punjab National Bank,10.0,15.76,2000000,36,0.54,5,622,30000
IndusInd Bank,10.73,13.51,1000000,48,0.59,1,675,50000
Bank of Baroda,11.11,16.95,2000000,72,1.21,4,668,30000
Punjab National Bank,12.01,15.2,2000000,84,1.35,7,657,25000
IndusInd Bank,10.99,13.7,500000,36,2.39,5,707,25000
State Bank of India,9.58,12.02,3000000,84,0.62,1,671,40000
Bank of Baroda,12.29,15.9,3000000,84,2.13,1,635,20000
IndusInd Bank,10.51,15.01,3000000,60,1.12,5,735,30000
Axis Bank,12.37,17.96,3000000,72,1.26,2,742,20000
ICICI Bank,11.73,15.57,1000000,72,0.54,7,601,25000
Punjab National Bank,10.09,14.82,4000000,84,2.08,3,629,15000
IndusInd Bank,11.08,16.47,500000,84,1.21,7,705,50000
Kotak Mahindra Bank,11.27,15.85,1500000,60,2.3,4,740,50000
IndusInd Bank,11.82,13.83,3000000,72,1.61,4,631,25000
ICICI Bank,12.16,16.53,3000000,48,1.02,1,714,50000
Kotak Mahindra Bank,10.59,13.06,4000000,84,2.49,5,661,20000
Axis Bank,9.99,13.51,3000000,48,0.81,2,636,50000
Punjab National Bank,9.86,13.2,3000000,60,1.03,6,640,20000
Bank of Baroda,9.95,12.48,500000,84,1.07,7,691,50000
Kotak Mahindra Bank,12.09,17.14,4000000,72,1.24,4,627,40000
Kotak Mahindra Bank,11.43,16.35,500000,60,1.04,7,673,40000
Axis Bank,10.59,13.36,3000000,84,2.4,7,689,20000
Bank of Baroda,10.8,13.53,4000000,72,1.58,2,681,25000
Canara Bank,10.66,13.26,1000000,84,1.87,7,688,25000
HDFC Bank,10.86,14.25,4000000,72,1.26,6,658,25000
IndusInd Bank,12.39,16.87,500000,84,1.6,6,662,15000
Bank of Baroda,11.79,16.32,3000000,36,1.95,6,619,20000
Axis Bank,9.73,14.18,4000000,36,0.57,4,656,20000
Canara Bank,9.87,12.95,500000,36,2.03,3,632,25000
HDFC Bank,12.1,14.41,3000000,72,0.79,2,721,25000
Axis Bank,10.43,13.1,1000000,36,1.17,2,723,50000
HDFC Bank,9.97,12.76,4000000,36,0.57,2,697,30000
State Bank of India,10.92,13.24,1000000,72,2.16,4,602,25000
Bank of Baroda,10.4,12.51,1500000,48,1.24,1,703,25000
IndusInd Bank,11.53,16.07,1500000,48,1.15,4,694,20000
IndusInd Bank,10.62,13.63,1000000,60,2.14,2,605,50000
Kotak Mahindra Bank,10.73,13.97,4000000,72,0.51,3,664,25000
ICICI Bank,11.62,14.21,3000000,72,2.03,2,629,15000
Kotak Mahindra Bank,9.64,14.08,1000000,48,2.15,6,706,50000
Axis Bank,10.4,12.55,2000000,36,0.83,3,626,30000
Canara Bank,11.44,16.91,4000000,72,1.95,1,692,25000
Kotak Mahindra Bank,9.86,13.73,1500000,36,2.49,1,743,20000
Axis Bank,10.57,15.58,1500000,36,2.2,6,720,50000
Canara Bank,9.65,12.29,500000,36,1.73,3,718,20000
Bank of Baroda,10.77,12.88,2000000,72,1.22,6,638,40000
Bank of Baroda,10.17,14.26,1000000,60,0.59,5,642,30000
Bank of Baroda,9.58,14.25,1500000,60,0.71,5,629,30000
State Bank of India,11.29,15.46,2000000,84,2.24,4,708,30000
State Bank of India,9.69,13.42,1500000,84,1.54,2,683,40000
IndusInd Bank,11.14,14.54,1500000,36,2.04,3,638,50000
Axis Bank,9.77,14.22,2000000,60,0.63,6,611,50000
Kotak Mahindra Bank,10.13,12.16,2000000,84,1.15,5,667,50000
IDFC First Bank,10.29,13.63,4000000,60,1.69,1,622,25000
Canara Bank,9.81,14.62,1500000,60,2.29,1,721,15000
IDFC First Bank,12.25,16.01,2000000,60,1.65,4,622,40000
Axis Bank,10.0,13.33,1000000,72,1.11,2,628,25000
ICICI Bank,10.43,14.0,1500000,60,2.44,7,668,15000
IndusInd Bank,10.29,13.84,500000,60,2.31,2,649,25000
State Bank of India,9.82,15.62,1500000,84,2.2,2,662,40000
IndusInd Bank,10.06,13.39,1000000,84,1.52,2,728,15000
State Bank of India,9.55,14.16,500000,60,1.3,4,701,40000
HDFC Bank,10.27,12.44,1500000,60,1.03,1,695,50000
Axis Bank,11.8,17.13,2000000,36,1.49,4,722,40000
Bank of Baroda,10.02,13.93,1500000,84,1.61,3,745,20000
HDFC Bank,10.22,12.22,3000000,72,1.28,2,699,20000
ICICI Bank,9.76,14.39,4000000,72,2.01,5,665,15000
Kotak Mahindra Bank,10.41,14.92,500000,84,1.78,6,632,40000
HDFC Bank,12.28,16.96,3000000,60,2.03,6,630,25000
Punjab National Bank,11.2,14.79,1500000,72,1.37,5,727,50000
Canara Bank,9.5,13.11,1500000,36,1.31,7,679,20000
IDFC First Bank,11.38,14.38,2000000,36,0.98,1,719,25000
Canara Bank,10.35,13.32,1500000,84,2.09,2,622,20000
Bank of Baroda,12.4,14.86,1500000,48,0.86,4,714,40000
Punjab National Bank,9.87,12.15,4000000,48,1.73,7,697,40000
IndusInd Bank,11.02,16.81,2000000,36,2.36,2,641,25000
Axis Bank,10.39,12.73,1000000,36,0.83,5,664,50000
IDFC First Bank,9.76,14.53,1000000,60,2.02,5,606,15000
HDFC Bank,11.61,17.41,4000000,72,2.12,1,727,15000
ICICI Bank,10.9,13.13,1500000,48,1.56,3,680,30000
State Bank of India,11.25,15.37,3000000,72,1.16,2,729,40000
Kotak Mahindra Bank,11.41,14.89,3000000,48,1.28,5,661,15000
Punjab National Bank,10.09,12.45,500000,72,1.3,5,722,50000
Kotak Mahindra Bank,10.42,12.71,1000000,84,1.16,3,655,15000
State Bank of India,9.64,14.27,2000000,72,1.99,7,651,30000
Kotak Mahindra Bank,12.15,14.87,3000000,48,1.44,5,714,20000
State Bank of India,9.7,13.73,4000000,84,2.3,4,681,20000
Canara Bank,11.6,13.72,500000,72,1.23,2,681,20000
Axis Bank,9.99,12.17,4000000,60,2.05,1,677,15000
Kotak Mahindra Bank,10.22,12.55,3000000,48,1.74,3,711,30000
State Bank of India,12.24,16.92,2000000,36,1.09,3,697,50000
ICICI Bank,9.54,12.42,3000000,48,0.83,2,690,25000
HDFC Bank,10.47,16.03,500000,48,1.8,4,737,50000
Bank of Baroda,11.98,15.03,3000000,60,1.87,3,611,40000
ICICI Bank,11.54,15.36,2000000,72,1.72,1,654,30000
Canara Bank,12.14,14.32,1500000,48,0.94,7,646,15000
State Bank of India,11.79,14.57,1000000,84,0.56,1,648,25000
Bank of Baroda,11.45,13.66,1500000,48,1.87,6,722,30000
IDFC First Bank,10.22,12.79,1000000,84,0.74,2,653,40000
Axis Bank,12.35,16.32,500000,48,1.92,2,674,40000
Kotak Mahindra Bank,11.62,17.35,1000000,48,1.77,7,684,40000
Punjab National Bank,12.08,14.84,1000000,48,2.48,1,638,20000
Kotak Mahindra Bank,11.85,17.06,500000,36,1.5,2,609,40000
Axis Bank,11.85,17.15,2000000,36,2.41,7,670,25000
HDFC Bank,9.57,14.52,4000000,84,1.79,6,717,40000
IndusInd Bank,10.59,15.85,2000000,72,1.02,2,638,25000
IndusInd Bank,10.71,14.61,3000000,84,1.7,1,654,20000
Punjab National Bank,11.07,14.05,4000000,36,2.02,1,717,40000
State Bank of India,10.8,14.49,4000000,36,1.73,6,640,40000
Punjab National Bank,11.88,14.26,4000000,72,0.9,1,612,20000
IndusInd Bank,10.88,14.29,2000000,60,0.8,1,650,25000
Bank of Baroda,10.73,14.97,1500000,84,2.28,6,706,30000
ICICI Bank,12.11,17.03,4000000,72,1.13,5,631,40000
Axis Bank,10.59,13.93,1000000,48,2.14,7,709,50000
State Bank of India,9.83,14.85,1500000,48,1.37,3,712,40000
HDFC Bank,11.23,16.81,3000000,60,0.73,4,687,15000
IndusInd Bank,10.5,12.93,2000000,36,2.18,3,749,25000
State Bank of India,12.32,18.2,3000000,36,1.73,5,685,30000
ICICI Bank,11.25,14.9,2000000,48,0.94,3,606,30000
State Bank of India,10.79,16.52,1500000,60,2.22,4,695,30000
HDFC Bank,10.64,13.75,1500000,36,0.56,6,651,50000
Bank of Baroda,10.58,13.73,500000,36,0.93,7,711,50000
IDFC First Bank,12.09,17.62,3000000,84,0.93,2,615,25000
Axis Bank,11.52,13.94,2000000,48,0.8,7,621,25000
Canara Bank,11.66,16.74,1000000,84,1.1,6,624,20000
Bank of Baroda,10.21,13.97,3000000,48,1.88,6,688,25000
Punjab National Bank,10.18,14.7,4000000,48,1.21,6,720,20000
ICICI Bank,9.92,12.06,1500000,48,2.49,4,662,30000
Axis Bank,11.41,13.47,3000000,84,0.55,5,627,25000
IDFC First Bank,9.86,12.84,2000000,84,0.72,2,731,40000
Canara Bank,11.72,16.23,500000,36,1.42,1,747,40000
ICICI Bank,10.43,14.75,500000,84,1.4,2,604,15000
Bank of Baroda,9.58,15.49,4000000,84,0.75,1,696,15000
Bank of Baroda,11.97,14.1,1000000,36,1.88,7,630,25000
IDFC First Bank,10.33,15.12,1500000,48,1.46,5,664,50000
Kotak Mahindra Bank,10.24,13.83,1000000,72,0.77,4,646,30000
Axis Bank,10.48,14.2,4000000,36,1.67,5,619,25000
HDFC Bank,10.56,12.77,4000000,48,2.38,3,672,15000
Punjab National Bank,11.49,15.65,3000000,36,2.17,3,642,40000
Punjab National Bank,9.82,14.45,1500000,60,0.82,4,733,20000
IDFC First Bank,10.5,14.62,500000,36,0.97,4,652,25000
State Bank of India,11.47,16.82,4000000,36,0.85,2,684,15000
HDFC Bank,11.19,13.85,3000000,36,2.43,5,655,50000
Axis Bank,11.56,16.91,2000000,72,1.76,1,656,50000
Bank of Baroda,9.61,15.38,1000000,72,1.3,1,714,50000
IndusInd Bank,12.17,15.02,500000,48,1.4,4,732,20000
Canara Bank,10.67,15.43,1000000,48,2.25,5,706,40000
HDFC Bank,11.99,15.64,1500000,36,1.56,6,652,40000
IDFC First Bank,12.34,15.01,4000000,84,0.71,3,614,25000
IndusInd Bank,12.04,17.07,1000000,48,1.27,3,736,25000
Kotak Mahindra Bank,10.14,12.56,4000000,84,0.62,4,647,25000
Bank of Baroda,11.68,14.1,1000000,84,1.56,3,723,30000
IndusInd Bank,11.22,13.97,1500000,60,1.11,1,623,20000
ICICI Bank,12.17,16.61,1500000,48,0.72,7,701,50000
Bank of Baroda,11.57,17.4,2000000,48,1.16,3,731,20000
Canara Bank,11.81,16.86,3000000,36,1.35,7,676,50000
Bank of Baroda,12.46,17.06,2000000,36,0.91,4,618,40000
Axis Bank,11.81,15.98,2000000,36,2.44,6,721,15000
Kotak Mahindra Bank,10.46,13.67,2000000,72,2.22,7,737,40000
Kotak Mahindra Bank,9.72,11.92,1500000,72,2.12,6,614,50000
Kotak Mahindra Bank,12.21,16.65,1500000,60,1.79,5,675,15000
HDFC Bank,12.28,16.03,500000,72,2.14,6,722,30000
HDFC Bank,11.83,14.4,2000000,36,1.57,4,643,50000
Punjab National Bank,11.23,14.09,1500000,48,1.38,1,668,50000
